original_*Chron. No.*,original_*Landmark*,original_*City’s No.*,original_*Address*,original_*Full Address*,original_*Architect & Date*,original_*  Initiated  *,original_*  Designated  *,original_*Notes*,lat,lon,formatted,name,housenumber,street,postcode,suburb,district,city,county_code,county,state,state_code,country,country_code,confidence,confidence_city_level,confidence_street_level,confidence_building_level,attribution,attribution_license,attribution_url
1,"*First Church of Christ, Scientist*",#5,2619 Dwight Way,"2619 Dwight Way, Berkeley, CA, USA",Bernard Maybeck (1910),26 Feb 1975,15 Dec 1975,"#77000283, National Historic Landmark(22 Dec 1977)",37.86552078551557,-122.25491439430056,"2619 Dwight Way, Berkeley, CA 94704, United States of America",,2619,Dwight Way,94704,,Southside,Berkeley,,Alameda County,California,CA,United States,us,1,1,1,1,© OpenStreetMap contributors,Open Database License,https://www.openstreetmap.org/copyright
2,"*Church of the Good Shepherd, Episcopal*",#6,1823 Ninth Street at Hearst Avenue,"1823 Ninth Street at Hearst Avenue, Berkeley, CA, USA",Charles L. Bugbee (1878),26 Feb 1975,15 Dec 1975,"#86003361, National Register of Historic Places (1986)",37.8708393,-122.272863,"Berkeley, CA, United States of America",,,,,,,Berkeley,,Alameda County,California,CA,United States,us,0.25,1,,,© OpenStreetMap contributors,Open Database License,https://www.openstreetmap.org/copyright
3,*Westminster Presbyterian Church*,#7,926 Hearst Avenue & 1901 Eighth Street,"926 Hearst Avenue & 1901 Eighth Street, Berkeley, CA, USA",Charles Geddes (1879),26 Feb 1975,15 Dec 1975,,37.869615,-122.295701,"926 Hearst Avenue, Berkeley, CA 94710, United States of America",,926,Hearst Avenue,94710,West Berkeley,,Berkeley,AA,Alameda County,California,CA,United States,us,0.33333333333333337,1,0.33333333333333337,0.33333333333333337,© OpenAddresses contributors,BSD-3-Clause License,
4,*St. John’s Presbyterian Church* (now Julia Morgan Center for the Arts),#8,2640 College Avenue,"2640 College Avenue, Berkeley, CA, USA","Julia Morgan (1908, 1910)",26 Feb 1975,15 Dec 1975,"#74000507, National Register of Historic Places (1974)",37.862267599999996,-122.25398558020007,"Julia Morgan Center For The Arts, 2640 College Avenue, Berkeley, CA 94705, United States of America",Julia Morgan Center For The Arts,2640,College Avenue,94705,,Elmwood,Berkeley,,Alameda County,California,CA,United States,us,1,1,1,1,© OpenStreetMap contributors,Open Database License,https://www.openstreetmap.org/copyright
5,*Berkeley Women’s City Club* (now Berkeley City Club),#2,2315 Durant Avenue,"2315 Durant Avenue, Berkeley, CA, USA",Julia Morgan (1929–30),26 Feb 1975,15 Dec 1975,"California Historic Landmark No. 908
#77000282, National Register of Historic Places (1977)",37.867683400000004,-122.26228388526793,"2315 Durant Avenue, Berkeley, CA 94701, United States of America",,2315,Durant Avenue,94701,,Southside,Berkeley,,Alameda County,California,CA,United States,us,1,1,1,1,© OpenStreetMap contributors,Open Database License,https://www.openstreetmap.org/copyright
6,*Town and Gown Club*,#3,2401 Dwight Way,"2401 Dwight Way, Berkeley, CA, USA",Bernard Maybeck (1899),26 Feb 1975,15 Dec 1975,,37.864944,-122.260604,"2401 Dwight Way, Berkeley, CA 94704, United States of America",,2401,Dwight Way,94704,,Southside,Berkeley,,Alameda County,California,CA,United States,us,1,1,1,1,© OpenStreetMap contributors,Open Database License,https://www.openstreetmap.org/copyright
7,*Berkeley City Hall* (Old City Hall; now Maudelle Shirek Building),#1,"2134 Grove Street (now Martin Luther King, Jr. Way)","2134 Grove Street (now Martin Luther King, Jr. Way), Berkeley, CA, USA",John Bakewell Jr. & Arthur M. Brown Jr. (1907),26 Feb 1975,15 Dec 1975,"Civic Center Historic District; #81000142, National Register of Historic 
Places (1998)",37.8692499,-122.27332492554746,"Old City Hall, 2134 Martin Luther King Junior Way, Berkeley, CA 94703, United States of America",Old City Hall,2134,Martin Luther King Junior Way,94703,,Downtown Berkeley,Berkeley,,Alameda County,California,CA,United States,us,0.48999999999999994,1,0.48999999999999994,0.48999999999999994,© OpenStreetMap contributors,Open Database License,https://www.openstreetmap.org/copyright
8,*William R. Thorsen House* (now Sigma Phi Society Chapter House),#4,2307 Piedmont Avenue,"2307 Piedmont Avenue, Berkeley, CA, USA",Charles Sumner Greene & Henry Mather Greene (1908–10),26 Feb 1975,15 Dec 1975,"#78000647, National Register of Historic Places (1978)",37.869028150000005,-122.25186016562063,"2307 Piedmont Avenue, Berkeley, CA 94720, United States of America",,2307,Piedmont Avenue,94720,,Panoramic Hill,Berkeley,,Alameda County,California,CA,United States,us,1,1,1,1,© OpenStreetMap contributors,Open Database License,https://www.openstreetmap.org/copyright
9,*Rose Walk*,#9,2500 block of Rose Walk between Euclid & Le Roy Avenues,"2500 block of Rose Walk between Euclid & Le Roy Avenues, Berkeley, CA, USA","Bernard Maybeck (1913); Dr. Frank Gray Cottages by Henry Higby Gutterson 
(1923–36)",26 Feb 1975,15 Dec 1975,"Amended 25 Feb 1991 as Landmark #165to include Gutterson-designed cottages 
& Jessie D. Wallace House (Julia Morgan, 1910; 1923), 1400 Le Roy Avenue; 
CA State Historic Resources Inventory",37.865832,-122.297864,"Berkeley, CA, United States of America",,,,,,,Berkeley,AA,Alameda County,California,CA,United States,us,0.25,1,,,Who's On First,CC0,https://www.whosonfirst.org/docs/licenses/
10,*Old Jefferson Elementary School*,#117,1475 Rose Street at Sacramento Street,"1475 Rose Street at Sacramento Street, Berkeley, CA, USA",Henry Higby Gutterson (c. 1921); William C. Hays (1927),,11 May 1976,"Structure of Merit
Designated Landmark on 16 Mar 1987",37.8708393,-122.272863,"Berkeley, CA, United States of America",,,,,,,Berkeley,,Alameda County,California,CA,United States,us,0.25,1,,,© OpenStreetMap contributors,Open Database License,https://www.openstreetmap.org/copyright
11,*Edward F. Niehaus House*,#11,839 Channing Way,"839 Channing Way, Berkeley, CA, USA",-1889,24 Feb 1976,21 Jun 1976,CA State Historic Resources Inventory,37.861897483765155,-122.2954007583479,"839 Channing Way, Berkeley, CA 94710, United States of America",,839,Channing Way,94710,,Poets Corner,Berkeley,,Alameda County,California,CA,United States,us,1,1,1,1,© OpenStreetMap contributors,Open Database License,https://www.openstreetmap.org/copyright
12,*Joseph W. Harris House*,#14,2300 Le Conte Avenue,"2300 Le Conte Avenue, Berkeley, CA, USA",John B. Anthony (1936),24 Feb 1976,21 Jun 1976,CA State Historic Resources Inventory,37.8747811,-122.26359261951185,"2300 Le Conte Avenue, Berkeley, CA 94709, United States of America",,2300,Le Conte Avenue,94709,,Northside,Berkeley,,Alameda County,California,CA,United States,us,1,1,1,1,© OpenStreetMap contributors,Open Database License,https://www.openstreetmap.org/copyright
13,*Park Congregational Church* (now South Berkeley Community Church),#10,1802 Fairview Street at Ellis Street,"1802 Fairview Street at Ellis Street, Berkeley, CA, USA",Hugo W. Storch (1912),24 Feb 1976,21 Jun 1976,"#7001176, National Register of Historic Places (15 Nov 2007)",37.8708393,-122.272863,"Berkeley, CA, United States of America",,,,,,,Berkeley,,Alameda County,California,CA,United States,us,0.25,1,,,© OpenStreetMap contributors,Open Database License,https://www.openstreetmap.org/copyright
14,*Napoleon Bonaparte Byrne House & Grounds* (The Cedars),#13,1301 Oxford Street,"1301 Oxford Street, Berkeley, CA, USA",-1868,24 Feb 1976,21 Jun 1976,"#78000643, National Register of Historic Places (1990); house destroyed by 
fires in 1984 & ’85 and demolished in 1988",37.8839719,-122.26670418741598,"Congregation Beth El, 1301 Oxford Street, Berkeley, CA 94709, United States of America",Congregation Beth El,1301,Oxford Street,94709,,Gourmet Ghetto,Berkeley,,Alameda County,California,CA,United States,us,1,1,1,1,© OpenStreetMap contributors,Open Database License,https://www.openstreetmap.org/copyright
15,*Captain Charles C. Boudrow House* (Boudrow House at Sea Captain Corner),#12,1536 Oxford Street,"1536 Oxford Street, Berkeley, CA, USA",Julius E. Krafft (1889),24 Feb 1976,21 Jun 1976,CA State Historic Resources Inventory,37.87914,-122.267299,"1536 Oxford Street, Berkeley, CA 94709, United States of America",,1536,Oxford Street,94709,North,,Berkeley,AA,Alameda County,California,CA,United States,us,1,1,1,1,© OpenAddresses contributors,BSD-3-Clause License,
16,*Andrew Cowper Lawson House*,#15,1515 La Loma Avenue,"1515 La Loma Avenue, Berkeley, CA, USA",Bernard Maybeck (1907–08),24 Feb 1976,16 Aug 1976,CA State Historic Resources Inventory,37.8812407,-122.25805820220208,"1515 La Loma Avenue, Berkeley, CA 94708, United States of America",,1515,La Loma Avenue,94708,,Northside,Berkeley,,Alameda County,California,CA,United States,us,1,1,1,1,© OpenStreetMap contributors,Open Database License,https://www.openstreetmap.org/copyright
17,"*Drawing Building* (Naval Architecture Building, now Richard C. Blum Hall)",#16,"Hearst Avenue, University of California Campus","Hearst Avenue, University of California Campus, Berkeley, CA, USA",John Galen Howard (1913–14),20 Sep 1976,18 Oct 1976,"#76000475, National Register of Historic Places (1982)",37.8708393,-122.272863,"Berkeley, CA, United States of America",,,,,,,Berkeley,,Alameda County,California,CA,United States,us,0.25,1,,,© OpenStreetMap contributors,Open Database License,https://www.openstreetmap.org/copyright
18,"*North Gate Hall* (Architecture Building, now Graduate School of Journalism)",#159,"Hearst Avenue, University of California Campus","Hearst Avenue, University of California Campus, Berkeley, CA, USA",John Galen Howard (1906),20 Sep 1976,15 Nov 1976; (assigned new number on 2 Feb 1991,"California Historic Landmark No. 946
#82004648, National Register of Historic Places (1982)",37.8708393,-122.272863,"Berkeley, CA, United States of America",,,,,,,Berkeley,,Alameda County,California,CA,United States,us,0.25,1,,,© OpenStreetMap contributors,Open Database License,https://www.openstreetmap.org/copyright
19,*Berkeley Day Nursery* (West Berkeley Children’s Center),#18,2031 Sixth Street,"2031 Sixth Street, Berkeley, CA, USA","Walter H. Ratcliff, Jr. (1927)",21 May 1976,22 Feb 1977,"#77000281, National Register of Historic Places (1977)",37.86644077669805,-122.29713654631844,"2031 Sixth Street, Berkeley, CA 94710, United States of America",,2031,Sixth Street,94710,,West Berkeley,Berkeley,,Alameda County,California,CA,United States,us,1,1,1,1,© OpenStreetMap contributors,Open Database License,https://www.openstreetmap.org/copyright
20,*John Galen Howard House* (“Rose Le Roy”),#19,1401 Le Roy Avenue,"1401 Le Roy Avenue, Berkeley, CA, USA",John Galen Howard (1912),17 Jan 1977,21 Mar 1977,CA State Historic Resources Inventory,37.883024,-122.260607,"1401 Le Roy Avenue, Berkeley, CA 94708, United States of America",,1401,Le Roy Avenue,94708,,Northside,Berkeley,,Alameda County,California,CA,United States,us,1,1,1,1,© OpenStreetMap contributors,Open Database License,https://www.openstreetmap.org/copyright
21,*Golden Sheaf Bakery*,#20,2071 Addison Street,"2071 Addison Street, Berkeley, CA, USA",Clinton Day (1905),12 Sep 1977,17 Oct 1977,"#78000644, National Register of Historic Places (1978)",37.867770984240806,-122.29258371112742,"2071 Addison Street, Berkeley, CA 94710, United States of America",,2071,Addison Street,94710,,West Berkeley,Berkeley,,Alameda County,California,CA,United States,us,1,1,1,1,© OpenStreetMap contributors,Open Database License,https://www.openstreetmap.org/copyright
22,*Borja House* (Jucksch Cottage),#21,1629 Fifth Street,"1629 Fifth Street, Berkeley, CA, USA",Mary Jucksch or Charles R. Brown (c. 1889),9 Nov 1977,19 Dec 1977,"Structure of Merit
Moved from 1620 Sixth St. in 1978",37.8728557,-122.30021990556446,"1629 Fifth Street, Berkeley, CA 94710, United States of America",,1629,Fifth Street,94710,,Ocean View,Berkeley,,Alameda County,California,CA,United States,us,1,1,1,1,© OpenStreetMap contributors,Open Database License,https://www.openstreetmap.org/copyright
23,*Barker Block*,#22,2486 Shattuck Avenue,"2486 Shattuck Avenue, Berkeley, CA, USA",A.W. Smith (1905),17 Oct 1977,16 Jan 1978,CA State Historic Resources Inventory,37.86426508333333,-122.26724816666668,"2486 Shattuck Avenue, Berkeley, CA 94704, United States of America",,2486,Shattuck Avenue,94704,,LeConte,Berkeley,,Alameda County,California,CA,United States,us,1,1,1,1,© OpenStreetMap contributors,Open Database License,https://www.openstreetmap.org/copyright
24,*The Studio Building* (The Berkeley Hotel),#23,2045 Shattuck Avenue at Addison Street,"2045 Shattuck Avenue at Addison Street, Berkeley, CA, USA",-1905,17 Apr 1978,15 May 1978,"#78000645, National Register of Historic Places (1978)",37.8708393,-122.272863,"Berkeley, CA, United States of America",,,,,,,Berkeley,,Alameda County,California,CA,United States,us,0.25,1,,,© OpenStreetMap contributors,Open Database License,https://www.openstreetmap.org/copyright
25,*Fox Court*,#24,1472–1478 University Avenue,"1472–1478 University Avenue, Berkeley, CA, USA","Fox Brothers; Carl Fox, designer (1928–30)",25 Sep 1978,20 Nov 1978,"#82002159, National Register of Historic Places (1982)",37.8705689,-122.2829781,"1475 University Avenue, Berkeley, CA 94702, United States of America",University Avenue,1475,University Avenue,94702,West Berkeley,Central Berkeley,Berkeley,AA,Alameda County,California,CA,United States,us,0.7,1,1,0.7,© OpenStreetMap contributors,Open Database License,https://www.openstreetmap.org/copyright
26,*Bonita Apartments*,#25,1940 University Avenue,"1940 University Avenue, Berkeley, CA, USA",George L. Mohr (1905),8 Dec 1978,15 Jan 1979,CA State Historic Resources Inventory,37.871775765625,-122.272373734375,"1940 University Avenue, Berkeley, CA 94704, United States of America",,1940,University Avenue,94704,,Downtown Berkeley,Berkeley,,Alameda County,California,CA,United States,us,1,1,1,1,© OpenStreetMap contributors,Open Database License,https://www.openstreetmap.org/copyright
27,*Bonita Hall* (Berkeley Bay Commons),#26,1912–1918 Bonita Avenue,"1912–1918 Bonita Avenue, Berkeley, CA, USA",William G. Black (1905); remodel: Clarence W. W. Mayhew (1936),20 Nov 1978,20 Feb 1979,,37.8729334,-122.2718197,"1915 Bonita Avenue, Berkeley, CA 94704, United States of America",Bonita Avenue,1915,Bonita Avenue,94704,North,North Berkeley,Berkeley,AA,Alameda County,California,CA,United States,us,0.7,1,1,0.7,© OpenStreetMap contributors,Open Database License,https://www.openstreetmap.org/copyright
28,*Manuel Silva House*,#28,1824 Fifth Street,"1824 Fifth Street, Berkeley, CA, USA",Joseph Alfonso (1870s),20 Mar 1979,14 May 1979,CA State Historic Resources Inventory,37.869354900000005,-122.2995557042595,"1824 Fifth Street, Berkeley, CA 94710, United States of America",,1824,Fifth Street,94710,4th Street Shops,,Berkeley,,Alameda County,California,CA,United States,us,1,1,1,1,© OpenStreetMap contributors,Open Database License,https://www.openstreetmap.org/copyright
29,*Jeremiah T. Burke House* (Judah L. Magnes Memorial Museum 1966–2009),#27,2911 Russell Street,"2911 Russell Street, Berkeley, CA, USA",D.J. Patterson (1908),15 Mar 1979,14 May 1979,CA State Historic Resources Inventory,37.8591878,-122.24786632667735,"2911 Russell Street, Berkeley, CA 94168, United States of America",,2911,Russell Street,94168,,Claremont,Berkeley,,Alameda County,California,CA,United States,us,1,1,1,1,© OpenStreetMap contributors,Open Database License,https://www.openstreetmap.org/copyright
30,*Morse Block* (Donogh Arms),#29,2276 Shattuck Avenue,"2276 Shattuck Avenue, Berkeley, CA, USA",Dickey & Reed (1906),18 Dec 1978,18 Jun 1979,CA State Historic Resources Inventory,37.86798109090909,-122.26766048484848,"2276 Shattuck Avenue, Berkeley, CA 94704, United States of America",,2276,Shattuck Avenue,94704,,Downtown Berkeley,Berkeley,,Alameda County,California,CA,United States,us,1,1,1,1,© OpenStreetMap contributors,Open Database License,https://www.openstreetmap.org/copyright
31,*Toverii Tuppa* (Finnish Hall),#31,1819 Tenth Street,"1819 Tenth Street, Berkeley, CA, USA",August Trille (1908),18 Jun 1979,16 Jul 1979,"#78000647, National Register of Historic Places (1978)",37.87115110958471,-122.29396578237545,"1819 Tenth Street, Berkeley, CA 94710, United States of America",,1819,Tenth Street,94710,,West Berkeley,Berkeley,,Alameda County,California,CA,United States,us,1,1,1,1,© OpenStreetMap contributors,Open Database License,https://www.openstreetmap.org/copyright
32,"*Samuel C. Clark Cottage* (Morning Glory House; Dick Moore’s; Joseph Clapp 
Cottage)",#30,2009 Berkeley Way,"2009 Berkeley Way, Berkeley, CA, USA",(c. 1886),13 Jun 1979,16 Jul 1979,CA State Historic Resources Inventory,37.87295305,-122.27024660483947,"2009 Berkeley Way, Berkeley, CA 94704, United States of America",,2009,Berkeley Way,94704,,Downtown Berkeley,Berkeley,,Alameda County,California,CA,United States,us,1,1,1,1,© OpenStreetMap contributors,Open Database License,https://www.openstreetmap.org/copyright
33,*Charles W. Heywood House* (Estrada House),#32,1808 Fifth Street,"1808 Fifth Street, Berkeley, CA, USA",-1878,1 Aug 1979,17 Sep 1979,CA State Historic Resources Inventory,37.8698471,-122.29976984392403,"1808 Fifth Street, Berkeley, CA 94710, United States of America",,1808,Fifth Street,94710,4th Street Shops,,Berkeley,,Alameda County,California,CA,United States,us,1,1,1,1,© OpenStreetMap contributors,Open Database License,https://www.openstreetmap.org/copyright
34,*College Women’s Club* (now Bancroft Hotel),#33,2680 Bancroft Way,"2680 Bancroft Way, Berkeley, CA, USA",Walter T. Steilberg (1928),17 Sep 1979,19 Nov 1979,"#82002157, National Register of Historic Places (1982)",37.8689722,-122.25507384179377,"Bancroft Hotel, 2680 Bancroft Way, Berkeley, CA 94720, United States of America",Bancroft Hotel,2680,Bancroft Way,94720,,Southside,Berkeley,,Alameda County,California,CA,United States,us,1,1,1,1,© OpenStreetMap contributors,Open Database License,https://www.openstreetmap.org/copyright
35,*Delaware Street Historic District*,#35,800 Block of Delaware Street & 1801 Fifth Street,"800 Block of Delaware Street & 1801 Fifth Street, Berkeley, CA, USA",Various (c. 1875–1910),17 Sep 1979,17 Dec 1979,"Historic District
West Berkeley Garden(817–821 Delaware St.) is #78003520, National Register 
of Historic Places (1978)",37.8708393,-122.272863,"Berkeley, CA, United States of America",,,,,,,Berkeley,,Alameda County,California,CA,United States,us,0.25,1,,,© OpenStreetMap contributors,Open Database License,https://www.openstreetmap.org/copyright
36,*Miss Eleanor M. Smith House & Cottage*,#36,2529 & 2527 Hillegass Avenue,"2529 & 2527 Hillegass Avenue, Berkeley, CA, USA",House: Seth Babson? (1902); Cottage: Henry Higby Gutterson (1927),17 Dec 1979,17 Jan 1980,Smith House demolished in late 1980s; CA State Historic Resources Inventory,37.8643554,-122.2559069,"2529 Hillegass Avenue, Berkeley, CA 94705, United States of America",Hillegass Avenue,2529,Hillegass Avenue,94705,,Southside,Berkeley,,Alameda County,California,CA,United States,us,0.5,1,0.5,0.5,© OpenStreetMap contributors,Open Database License,https://www.openstreetmap.org/copyright
37,"*Garfield Junior High School* (Berkeley Unified School District 
Administration; now Jewish Community Center)",#37,1414 Walnut Street at Rose Street,"1414 Walnut Street at Rose Street, Berkeley, CA, USA",Ernest Coxhead (1915),21 Apr 1980,20 May 1980,"#82002160, National Register of Historic Places (1982)",37.8708393,-122.272863,"Berkeley, CA, United States of America",,,,,,,Berkeley,,Alameda County,California,CA,United States,us,0.25,1,,,© OpenStreetMap contributors,Open Database License,https://www.openstreetmap.org/copyright
38,*United States Post Office*,#38,2000 Allston Way,"2000 Allston Way, Berkeley, CA, USA",Oscar Wenderoth (1914),21 Apr 1980,16 Jun 1980,"Civic Center Historic District; #81000144, National Register of Historic 
Places (1982)",37.8690055,-122.269927,"2000 Allston Way, Berkeley, CA 94704, United States of America",,2000,Allston Way,94704,,Downtown Berkeley,Berkeley,,Alameda County,California,CA,United States,us,1,1,1,1,© OpenStreetMap contributors,Open Database License,https://www.openstreetmap.org/copyright
39,*Roos Brothers Building*,#78,64 Shattuck Square,"64 Shattuck Square, Berkeley, CA, USA",James R. Miller & Timothy L. Pflueger (1926),15 Sep 1980,20 Oct 1980,"Included in Shattuck Square designation as Landmark #78 [see nos. 48 & 82] 
on 27 Feb 1984; CA State Historic Resources Inventory",37.87163,-122.2681737,"64 Shattuck Avenue, Berkeley, CA 94704, United States of America",,64,Shattuck Avenue,94704,,Downtown Berkeley,Berkeley,,Alameda County,California,CA,United States,us,1,1,1,1,© OpenStreetMap contributors,Open Database License,https://www.openstreetmap.org/copyright
40,*Boone’s University School*,#40,2029 Durant Avenue,"2029 Durant Avenue, Berkeley, CA, USA",(c. 1877–1878),15 Dec 1980,16 Mar 1981,"#82000994, National Register of Historic Places (1982)",37.86681325,-122.2688422789794,"2029 Durant Avenue, Berkeley, CA 94701, United States of America",,2029,Durant Avenue,94701,,Downtown Berkeley,Berkeley,,Alameda County,California,CA,United States,us,1,1,1,1,© OpenStreetMap contributors,Open Database License,https://www.openstreetmap.org/copyright
41,*S. H. Kress & Co. Building*,#41,2036 Shattuck Avenue,"2036 Shattuck Avenue, Berkeley, CA, USA",Edward F. Sibbert (1933),16 Mar 1981,20 Apr 1981,CA State Historic Resources Inventory,37.871727001371525,-122.26846013075719,"2036 Shattuck Avenue, Berkeley, CA 94704, United States of America",,2036,Shattuck Avenue,94704,,Downtown Berkeley,Berkeley,,Alameda County,California,CA,United States,us,1,1,1,1,© OpenStreetMap contributors,Open Database License,https://www.openstreetmap.org/copyright
42,*Alta Bates Hospital*,,3000 Regent Street,"3000 Regent Street, Berkeley, CA, USA",Clarence C. Cuff (1927),3 Apr 1981,15 Jun 1981,"Structure of Merit
CA State Historic Resources Inventory; demolished in 1981",37.854498,-122.256521,"3000 Regent Street, Berkeley, CA 94705, United States of America",,3000,Regent Street,94705,,Elmwood,Berkeley,,Alameda County,California,CA,United States,us,1,1,1,1,© OpenStreetMap contributors,Open Database License,https://www.openstreetmap.org/copyright
43,*William T. Such Building* (Oxford Hall),#43,2140 Oxford Street,"2140 Oxford Street, Berkeley, CA, USA",George L. Mohr (1906),29 Jun 1981,17 Aug 1981,CA State Historic Resources Inventory,37.8699971,-122.266008,"Fix that Mac, 2140 Oxford Street, Berkeley, CA 94704, United States of America",Fix that Mac,2140,Oxford Street,94704,,Downtown Berkeley,Berkeley,,Alameda County,California,CA,United States,us,1,1,1,1,© OpenStreetMap contributors,Open Database License,https://www.openstreetmap.org/copyright
44,"*State Asylum for the Deaf, Dumb and Blind* (California Schools for the 
Deaf & Blind; now Clark Kerr Campus)",#42,"2601 Warring Steet bet. Dwight Way, Derby Street, and City line","2601 Warring Steet bet. Dwight Way, Derby Street, and City line, Berkeley, CA, USA",Office of the State Architect (1914–59),17 Aug 1981,21 Sep 1981,"#82000962, National Register of Historic Places (1982)",37.865832,-122.297864,"Berkeley, CA, United States of America",,,,,,,Berkeley,AA,Alameda County,California,CA,United States,us,0.25,1,,,Who's On First,CC0,https://www.whosonfirst.org/docs/licenses/
45,"*Corder Building* (Shattuck Apartments; Whitecotton Building; Witter 
Building)",#44,2300–2350 Shattuck Avenue (bet. Bancroft Way & Durant Ave),"2300–2350 Shattuck Avenue (bet. Bancroft Way & Durant Ave), Berkeley, CA, USA",James W. Plachek (1921),21 Sep 1981,19 Oct 1981,"#82002158, National Register of Historic Places",37.866847,-122.26806,"2350 Shattuck Avenue, Berkeley, CA 94704, United States of America",,2350,Shattuck Avenue,94704,Downtown,,Berkeley,AA,Alameda County,California,CA,United States,us,0.2571428571428571,1,0.2857142857142857,0.2571428571428571,© OpenAddresses contributors,BSD-3-Clause License,
46,*The Anna Head School* (Miss Head’s Preparatory School for Girls),#45,2538 Channing Way at Bowditch Street,"2538 Channing Way at Bowditch Street, Berkeley, CA, USA","Soul� Edgar Fisher (1892); Walter H. Ratcliff, Jr. (1911–1927)",21 Sep 1981,16 Nov 1981,"#80000795, National Register of Historic Places (1980)",37.8708393,-122.272863,"Berkeley, CA, United States of America",,,,,,,Berkeley,,Alameda County,California,CA,United States,us,0.25,1,,,© OpenStreetMap contributors,Open Database License,https://www.openstreetmap.org/copyright
47,*Haviland Hall*,#46,University of California Campus,"University of California Campus, Berkeley, CA, USA",John Galen Howard (1924),21 Sep 1981,16 Nov 1981,"#82002161, National Register of Historic Places (1982)",37.86432995,-122.24768710452693,"University of California, Berkeley - Clark Kerr Campus, Warring Street, Berkeley, CA 94720, United States of America","University of California, Berkeley - Clark Kerr Campus",,Warring Street,94720,,Panoramic Hill,Berkeley,,Alameda County,California,CA,United States,us,0.7290000000000001,1,,,© OpenStreetMap contributors,Open Database License,https://www.openstreetmap.org/copyright
48,*First Unitarian Church* (now University Dance Studio),#48,2401 Bancroft Way at Dana Street,"2401 Bancroft Way at Dana Street, Berkeley, CA, USA",Albert Cicero Schweinfurth (1898),21 Sep 1981,16 Nov 1981,"#81000143, National Register of Historic Places (1981)",37.8708393,-122.272863,"Berkeley, CA, United States of America",,,,,,,Berkeley,,Alameda County,California,CA,United States,us,0.25,1,,,© OpenStreetMap contributors,Open Database License,https://www.openstreetmap.org/copyright
49,*Fred Turner Building*,#49,2546 Bancroft Way,"2546 Bancroft Way, Berkeley, CA, USA",Julia Morgan (1940),19 Oct 1981,21 Dec 1981,,37.86879676767716,-122.25801419147686,"2546 Bancroft Way, Berkeley, CA 94704, United States of America",,2546,Bancroft Way,94704,,Southside,Berkeley,,Alameda County,California,CA,United States,us,1,1,1,1,© OpenStreetMap contributors,Open Database License,https://www.openstreetmap.org/copyright
50,*Richfield Oil Co. Station* (University Garage),#50,1952 Oxford Street,"1952 Oxford Street, Berkeley, CA, USA","Walter H. Ratcliff, Jr. (1930)",16 Nov 1981,21 Dec 1981,"CA State Historic Resources Inventory; demolished by U.C. in late 2021 for 
the Gateway student housing project.",37.87302985,-122.26662782453407,"1952 Oxford Street, Berkeley, CA 94704, United States of America",,1952,Oxford Street,94704,,Downtown Berkeley,Berkeley,,Alameda County,California,CA,United States,us,1,1,1,1,© OpenStreetMap contributors,Open Database License,https://www.openstreetmap.org/copyright
51,*James Edgar House*,#47,2437 Dwight Way,"2437 Dwight Way, Berkeley, CA, USA",(c. 1869),21 Sep 1981,21 Dec 1981,Structure of Merit,37.86503496450404,-122.2599105701924,"2437 Dwight Way, Berkeley, CA 94704, United States of America",,2437,Dwight Way,94704,,Southside,Berkeley,,Alameda County,California,CA,United States,us,1,1,1,1,© OpenStreetMap contributors,Open Database License,https://www.openstreetmap.org/copyright
52,*Masonic Temple*,#51,2105 Bancroft Way at Shattuck Avenue,"2105 Bancroft Way at Shattuck Avenue, Berkeley, CA, USA",William Wharff (1905),21 Sep 1981,20 Jan 1982,"#82002162, National Register of Historic Places (1982)",37.8708393,-122.272863,"Berkeley, CA, United States of America",,,,,,,Berkeley,,Alameda County,California,CA,United States,us,0.25,1,,,© OpenStreetMap contributors,Open Database License,https://www.openstreetmap.org/copyright
53,*First Finnish Evangelical Lutheran Church* (now Grace Baptist Church),#52,936 Channing Way,"936 Channing Way, Berkeley, CA, USA",Rev. Bernhardt Gideon Fardig (1901),20 Jan 1982,22 Feb 1982,,37.86204385,-122.29299542197273,"Grace Baptist Church, 936 Channing Way, Berkeley, CA 94710, United States of America",Grace Baptist Church,936,Channing Way,94710,,Poets Corner,Berkeley,,Alameda County,California,CA,United States,us,1,1,1,1,© OpenStreetMap contributors,Open Database License,https://www.openstreetmap.org/copyright
54,*Bartine Carrington House*,#54,1029 Addison Street,"1029 Addison Street, Berkeley, CA, USA",Seth Babson & R. Wenk (1893),21 Dec 1981,15 Mar 1982,"Structure of Merit
CA State Historic Resources Inventory; moved from 2323 Bowditch St. and 
altered beyond recognition",37.86789815,-122.29267409311514,"1029 Addison Street, Berkeley, CA 94710, United States of America",,1029,Addison Street,94710,,West Berkeley,Berkeley,,Alameda County,California,CA,United States,us,1,1,1,1,© OpenStreetMap contributors,Open Database License,https://www.openstreetmap.org/copyright
55,*Mercantile Trust Co.* (now Wells Fargo Bank),#53,2959 College Avenue at Ashby Avenue,"2959 College Avenue at Ashby Avenue, Berkeley, CA, USA","Walter H. Ratcliff, Jr. (1925)",20 Jan 1982,15 Mar 1982,CA State Historic Resources Inventory,37.857086,-122.252673,"Ashby Avenue & College Avenue, College Avenue, Berkeley, CA, United States of America",Ashby Avenue & College Avenue,,,,College Avenue,,Berkeley,AA,Alameda County,California,CA,United States,us,0.3,1,0.6,,© OpenStreetMap contributors,Open Database License,https://www.openstreetmap.org/copyright
56,*Odd Fellows’ Temple*,#55,2288 Fulton Street,"2288 Fulton Street, Berkeley, CA, USA",James W. Plachek (1925),22 Feb 1982,19 Apr 1982,CA State Historic Resources Inventory,37.8681555,-122.2662953,"Odd Fellows Lodge 270, 2288 Fulton Street, Berkeley, CA 94704, United States of America",Odd Fellows Lodge 270,2288,Fulton Street,94704,,Downtown Berkeley,Berkeley,,Alameda County,California,CA,United States,us,1,1,1,1,© OpenStreetMap contributors,Open Database License,https://www.openstreetmap.org/copyright
57,*Berkeley Public Library*,#56,2090 Kittredge Street at Shattuck Avenue,"2090 Kittredge Street at Shattuck Avenue, Berkeley, CA, USA",James W. Plachek (1930),22 Feb 1982,19 Apr 1982,"#82002156, National Register of Historic Places (1982)",37.8708393,-122.272863,"Berkeley, CA, United States of America",,,,,,,Berkeley,,Alameda County,California,CA,United States,us,0.25,1,,,© OpenStreetMap contributors,Open Database License,https://www.openstreetmap.org/copyright
58,*Strand Theater* (now Elmwood Theater),#57,2966 College Avenue,"2966 College Avenue, Berkeley, CA, USA","William Dufour (1914); Alexander Aimwell Cantin & Alexander Mackenzie 
Cantin (1946)",22 Feb 1982,24 May 1982,CA State Historic Resources Inventory,37.8566655,-122.25330584440715,"2966 College Avenue, Berkeley, CA 94168, United States of America",,2966,College Avenue,94168,,Elmwood,Berkeley,,Alameda County,California,CA,United States,us,1,1,1,1,© OpenStreetMap contributors,Open Database License,https://www.openstreetmap.org/copyright
59,*Lorin Theater* (now Phillips Temple C.M.E. Church),#58,3332 Adeline Street,"3332 Adeline Street, Berkeley, CA, USA","Abel Roust, builder (1909, 1910); Hiram K. Lovell (1914); James W. Plachek 
(1920)",19 Apr 1982,24 May 1982,CA State Historic Resources Inventory,37.847958649999995,-122.27226159123236,"Philips Temple C.M.E. Church, 3332 Adeline Street, Berkeley, CA 94703, United States of America",Philips Temple C.M.E. Church,3332,Adeline Street,94703,,Lorin,Berkeley,,Alameda County,California,CA,United States,us,1,1,1,1,© OpenStreetMap contributors,Open Database License,https://www.openstreetmap.org/copyright
60,*Phi Delta Theta Chapter House*,#59,2717 Hearst Avenue at Highland Place,"2717 Hearst Avenue at Highland Place, Berkeley, CA, USA","John Reid, Jr. (1914)",19 Apr 1982,24 May 1982,"#83001172, National Register of Historic Places (1983)",37.8708393,-122.272863,"Berkeley, CA, United States of America",,,,,,,Berkeley,,Alameda County,California,CA,United States,us,0.25,1,,,© OpenStreetMap contributors,Open Database License,https://www.openstreetmap.org/copyright
61,*Young-Ghego House* (Heywood-Ghego House),#60,1809–1811 Fourth Street,"1809–1811 Fourth Street, Berkeley, CA, USA",possibly late 1870s–early 1880s,19 Apr 1982,21 Jun 1982,CA State Historic Resources Inventory,37.8694987,-122.3007446,"1810 Fourth Street, Berkeley, CA 94710, United States of America",Fourth Street,1810,Fourth Street,94710,4th Street Shops,,Berkeley,AA,Alameda County,California,CA,United States,us,0.7,1,1,0.7,© OpenStreetMap contributors,Open Database License,https://www.openstreetmap.org/copyright
62,*Hillside School*,#61,1581 Le Roy Avenue at Buena Vista Way,"1581 Le Roy Avenue at Buena Vista Way, Berkeley, CA, USA","Walter H. Ratcliff, Jr. (1925)",24 May 1982,21 Jun 1982,"#82000961, National Register of Historic Places (1982)",37.8708393,-122.272863,"Berkeley, CA, United States of America",,,,,,,Berkeley,,Alameda County,California,CA,United States,us,0.25,1,,,© OpenStreetMap contributors,Open Database License,https://www.openstreetmap.org/copyright
63,*South Berkeley Bank* (Wells Fargo Bank),#62,3286 Adeline Street,"3286 Adeline Street, Berkeley, CA, USA",John Galen Howard (1906),21 Jun 1982,19 Jul 1982,CA State Historic Resources Inventory,37.848859,-122.271932,"3286 Adeline Street, Berkeley, CA 94703, United States of America",,3286,Adeline Street,94703,South Berkeley,,Berkeley,AA,Alameda County,California,CA,United States,us,1,1,1,1,© OpenAddresses contributors,BSD-3-Clause License,
64,*India Block*,#63,3250 Adeline Street at Harmon Street,"3250 Adeline Street at Harmon Street, Berkeley, CA, USA",A.W. Smith (1903),21 Jun 1982,19 Jul 1982,CA State Historic Resources Inventory,37.8708393,-122.272863,"Berkeley, CA, United States of America",,,,,,,Berkeley,,Alameda County,California,CA,United States,us,0.25,1,,,© OpenStreetMap contributors,Open Database License,https://www.openstreetmap.org/copyright
65,*Carlson’s Block*,#64,3228 Adeline Street,"3228 Adeline Street, Berkeley, CA, USA",William Wharff (1903),21 Jun 1982,19 Jul 1982,CA State Historic Resources Inventory,37.849976,-122.271482,"3228 Adeline Street, Berkeley, CA 94703, United States of America",,3228,Adeline Street,94703,South Berkeley,,Berkeley,AA,Alameda County,California,CA,United States,us,1,1,1,1,© OpenAddresses contributors,BSD-3-Clause License,
66,*Cloyne Court Hotel* (now Cloyne Court co-op),#65,2600 Ridge Road at Le Roy Avenue,"2600 Ridge Road at Le Roy Avenue, Berkeley, CA, USA",John Galen Howard (1904),20 Sep 1982,15 Nov 1982,"#92001718, National Register of Historic Places (1992)",37.8708393,-122.272863,"Berkeley, CA, United States of America",,,,,,,Berkeley,,Alameda County,California,CA,United States,us,0.25,1,,,© OpenStreetMap contributors,Open Database License,https://www.openstreetmap.org/copyright
67,*Beta Theta Pi Chapter House* (now Goldman School of Public Policy),#66,2607 Hearst Avenue at Le Roy Avenue,"2607 Hearst Avenue at Le Roy Avenue, Berkeley, CA, USA",Ernest Coxhead (1893),20 Sep 1982,15 Nov 1982,,37.8708393,-122.272863,"Berkeley, CA, United States of America",,,,,,,Berkeley,,Alameda County,California,CA,United States,us,0.25,1,,,© OpenStreetMap contributors,Open Database License,https://www.openstreetmap.org/copyright
68,*Captain Maury House*,#67,1317 Shattuck Avenue,"1317 Shattuck Avenue, Berkeley, CA, USA",Unknown (c. 1885); John Hudson Thomas (1922),15 Nov 1982,20 Dec 1982,,37.88311,-122.269359,"1317 Shattuck Avenue, Berkeley, CA 94709, United States of America",,1317,Shattuck Avenue,94709,North,,Berkeley,AA,Alameda County,California,CA,United States,us,1,1,1,1,© OpenAddresses contributors,BSD-3-Clause License,
69,*Acheson Physicians’ Building*,#68,2131 University Avenue,"2131 University Avenue, Berkeley, CA, USA",George L. Mohr (1908),20 Sep 1982,17 Jan 1983,CA State Historic Resources Inventory,37.87214729512308,-122.26743830505347,"2131 University Avenue, Berkeley, CA 94704, United States of America",,2131,University Avenue,94704,,Downtown Berkeley,Berkeley,,Alameda County,California,CA,United States,us,1,1,1,1,© OpenStreetMap contributors,Open Database License,https://www.openstreetmap.org/copyright
70,"*United Stores Realty Corp. Building* (MacFarlane “Awful Fresh Candy & 
Nuts” Building)",#110,1987–1979 Shattuck Avenue at University Avenue,"1987–1979 Shattuck Avenue at University Avenue, Berkeley, CA, USA",Earle B. Bertz (1925),20 Sep 1982,17 Jan 1983,"Structure of Merit
Designated Landmark on 15 Sep 1986; CA State Historic Resources Inventory",37.8708393,-122.272863,"Berkeley, CA, United States of America",,,,,,,Berkeley,,Alameda County,California,CA,United States,us,0.25,1,,,© OpenStreetMap contributors,Open Database License,https://www.openstreetmap.org/copyright
71,*Old City Hall Annex*,#122,1835 Allston Way,"1835 Allston Way, Berkeley, CA, USA",James W. Plachek (1925),17 Jan 1983,14 Feb 1983,"Structure of Merit
Designated Landmark on 21 Nov 1988; Civic Center Historic District",37.8687466,-122.2735263,"1835 Allston Way, Berkeley, CA 94704, United States of America",,1835,Allston Way,94704,,Downtown Berkeley,Berkeley,,Alameda County,California,CA,United States,us,1,1,1,1,© OpenStreetMap contributors,Open Database License,https://www.openstreetmap.org/copyright
72,*Shattuck Hotel*,#69,2200–2240 Shattuck Avenue bet. Kittredge St. & Allston Way,"2200–2240 Shattuck Avenue bet. Kittredge St. & Allston Way, Berkeley, CA, USA",Benjamin G. McDougall (1909–13),,16 May 1983 & 9 Nov 1987,"CA State Historic Resources Inventory
Designation expanded in 1987 to include entire block.",37.868557,-122.268256,"2240 Shattuck Avenue, Berkeley, CA 94704, United States of America",,2240,Shattuck Avenue,94704,Downtown,,Berkeley,AA,Alameda County,California,CA,United States,us,0.2571428571428571,1,0.2857142857142857,0.2571428571428571,© OpenAddresses contributors,BSD-3-Clause License,
73,*Knox Presbyterian Church* (now Church by the Side of the Road),#70,2108 Russell Street,"2108 Russell Street, Berkeley, CA, USA",Henry F. Starbuck (1908),,21 Jun 1983,Structure of Merit,37.85651835,-122.2669328622035,"2108 Russell Street, Berkeley, CA 94703, United States of America",,2108,Russell Street,94703,,South Berkeley,Berkeley,,Alameda County,California,CA,United States,us,1,1,1,1,© OpenStreetMap contributors,Open Database License,https://www.openstreetmap.org/copyright
74,*John Muir School*,#71,2955 Claremont Avenue,"2955 Claremont Avenue, Berkeley, CA, USA",James W. Plachek (1915),21 Jun 1983,18 Jul 1983,CA State Historic Resources Inventory,37.857335,-122.245074,"2955 Claremont Avenue, Berkeley, CA 94705, United States of America",,2955,Claremont Avenue,94705,Elmwood,,Berkeley,AA,Alameda County,California,CA,United States,us,1,1,1,1,© OpenAddresses contributors,BSD-3-Clause License,
75,"*Hillside Club Street Improvements in the Daley’s Scenic Park Tract* 
(includes Annie’s Oak)",#72,,", Berkeley, CA, USA",Hillside Club/City Engineer (1909),16 May 1983,18 Jul 1983,Amended on 4 Aug 1997 to include both public and private street improvements,37.8708393,-122.272863,"Berkeley, CA, United States of America",,,,,,,Berkeley,,Alameda County,California,CA,United States,us,1,1,,,© OpenStreetMap contributors,Open Database License,https://www.openstreetmap.org/copyright
76,*Fidelity Guaranty Building & Loan Assn. Building*,#73,2323 Shattuck Avenue,"2323 Shattuck Avenue, Berkeley, CA, USA","Walter H. Ratcliff, Jr. (1925)",19 Sep 1983,17 Oct 1983,CA State Historic Resources Inventory,37.8671672965621,-122.26792546720766,"2323 Shattuck Avenue, Berkeley, CA 94704, United States of America",,2323,Shattuck Avenue,94704,,Downtown Berkeley,Berkeley,,Alameda County,California,CA,United States,us,1,1,1,1,© OpenStreetMap contributors,Open Database License,https://www.openstreetmap.org/copyright
77,*Howard Automobile Co. Showroom*,#74,2140 Durant Avenue at Fulton Street,"2140 Durant Avenue at Fulton Street, Berkeley, CA, USA",Frederick H. Reimers (1930),19 Sep 1983,17 Oct 1983,CA State Historic Resources Inventory,37.8708393,-122.272863,"Berkeley, CA, United States of America",,,,,,,Berkeley,,Alameda County,California,CA,United States,us,0.25,1,,,© OpenStreetMap contributors,Open Database License,https://www.openstreetmap.org/copyright
78,*Charles R. Brown House*,#75,1614 Sixth Street,"1614 Sixth Street, Berkeley, CA, USA",Frank Gimbal (1888),17 Oct 1983,21 Nov 1983,CA State Historic Resources Inventory,37.87347655,-122.29976934163702,"1614 Sixth Street, Berkeley, CA 94710, United States of America",,1614,Sixth Street,94710,,Ocean View,Berkeley,,Alameda County,California,CA,United States,us,1,1,1,1,© OpenStreetMap contributors,Open Database License,https://www.openstreetmap.org/copyright
79,*Mikkelsen & Berry Building*,#76,2124–2126 Center Street,"2124–2126 Center Street, Berkeley, CA, USA",Louis S. Stone & Henry C. Smith (1902),21 Nov 1983,19 Dec 1983,,37.8702109,-122.2703072,"2125 Center Street, Berkeley, CA 94704, United States of America",Center Street,2125,Center Street,94704,Downtown,Downtown Berkeley,Berkeley,AA,Alameda County,California,CA,United States,us,0.7,1,1,0.7,© OpenStreetMap contributors,Open Database License,https://www.openstreetmap.org/copyright
80,*Thornburg Village* (Normandy Village),#77,1781–1851 Spruce Street (except 1815 Spruce),"1781–1851 Spruce Street (except 1815 Spruce), Berkeley, CA, USA","William Raymond Yelland (1926); Jack W. Thornburg (1927–1928); Charles E.J. 
Rogers (1941–1955)",17 Oct 1983,19 Dec 1983,CA State Historic Resources Inventory,37.875285,-122.265138,"1815 Spruce Street, Berkeley, CA 94709, United States of America",,1815,Spruce Street,94709,North,,Berkeley,AA,Alameda County,California,CA,United States,us,0.6666666666666667,1,0.6666666666666667,0.6666666666666667,© OpenAddresses contributors,BSD-3-Clause License,
81,*Shattuck Square Building*,#78,48 Shattuck Square,"48 Shattuck Square, Berkeley, CA, USA",James R. Miller & Timothy L. Pflueger (1926),23 Jan 1984,27 Feb 1984,CA State Historic Resources Inventory,37.871926,-122.268097,"48 Shattuck Square, Berkeley, CA 94704, United States of America",,48,Shattuck Square,94704,Downtown,,Berkeley,AA,Alameda County,California,CA,United States,us,1,1,1,1,© OpenAddresses contributors,BSD-3-Clause License,
82,*Shattuck Square Building*,#78,82 Shattuck Square,"82 Shattuck Square, Berkeley, CA, USA",James R. Miller & Timothy L. Pflueger (1926),23 Jan 1984,27 Feb 1984,CA State Historic Resources Inventory,37.8500081,-122.2658195,"82 Shattuck Avenue, Berkeley, CA 94704, United States of America",Shattuck Avenue,82,Shattuck Avenue,94704,,Downtown Berkeley,Berkeley,,Alameda County,California,CA,United States,us,0.75,1,1,0.75,© OpenStreetMap contributors,Open Database License,https://www.openstreetmap.org/copyright
83,*Samuel G. Davis House*,#79,2547 Channing Way,"2547 Channing Way, Berkeley, CA, USA",William Mooser & Son (1899),23 Jan 1984,27 Feb 1984,CA State Historic Resources Inventory,37.867203674418604,-122.25736841860466,"2547 Channing Way, Berkeley, CA 94704, United States of America",,2547,Channing Way,94704,,Southside,Berkeley,,Alameda County,California,CA,United States,us,1,1,1,1,© OpenStreetMap contributors,Open Database License,https://www.openstreetmap.org/copyright
84,"*Tupper & Reed Building* (Sign of the Piper Restaurant; Metropol; Caf� 
Piper; Beckett’s Pub; now Tupper & Reed Cocktail Bar)",#80,2271–2275 Shattuck Avenue,"2271–2275 Shattuck Avenue, Berkeley, CA, USA",William Raymond Yelland (1925),27 Feb 1984,19 Mar 1984,"#82002163, National Register of Historic Places (1982)",37.867592,-122.2677186,"2273 Shattuck Avenue, Berkeley, CA 94701, United States of America",Shattuck Avenue,2273,Shattuck Avenue,94701,North,LeConte,Berkeley,AA,Alameda County,California,CA,United States,us,0.7,1,1,0.7,,,
85,*Morrill Apartments*,#81,2429–2437 Shattuck Avenue at Haste Street,"2429–2437 Shattuck Avenue at Haste Street, Berkeley, CA, USA",George F. King (1911),16 Apr 1984,21 May 1984,CA State Historic Resources Inventory,37.8708393,-122.272863,"Berkeley, CA, United States of America",,,,,,,Berkeley,,Alameda County,California,CA,United States,us,0.25,1,,,© OpenStreetMap contributors,Open Database License,https://www.openstreetmap.org/copyright
86,*Whittier School*,#82,1645 Milvia Street at Virginia and Lincoln Streets,"1645 Milvia Street at Virginia and Lincoln Streets, Berkeley, CA, USA","Dragon, Officer, Schmidts & Hardman (1939)",21 May 1984,25 Jun 1984,Original interior demolished for renovations in 1994,37.8708393,-122.272863,"Berkeley, CA, United States of America",,,,,,,Berkeley,,Alameda County,California,CA,United States,us,0.25,1,,,© OpenStreetMap contributors,Open Database License,https://www.openstreetmap.org/copyright
87,*Claremont District Public Improvements*,#83,"Claremont Avenue, The Uplands, Hillcrest Avenue, Brookside Avenue","Claremont Avenue, The Uplands, Hillcrest Avenue, Brookside Avenue, Berkeley, CA, USA","Frederick Law Olmsted, John Galen Howard (1905)",5 Jul 1984,15 Oct 1984,,37.85245263559725,-122.24899147739401,"Brookside Avenue, Berkeley, CA 94168, United States of America",Brookside Avenue,,Brookside Avenue,94168,,Claremont,Berkeley,,Alameda County,California,CA,United States,us,1,1,1,,© OpenStreetMap contributors,Open Database License,https://www.openstreetmap.org/copyright
88,*People’s Park*,#84,2526 Haste Street/2448 Bowditch Street/2551 Dwight Way,"2526 Haste Street/2448 Bowditch Street/2551 Dwight Way, Berkeley, CA, USA",-1969,17 Sep 1984,19 Nov 1984,CA State Historic Resources Inventory,37.8662639,-122.2563555,"2448 Bowditch Street, Berkeley, CA 94704, United States of America",,2448,Bowditch Street,94704,Telegraph Avenue,,Berkeley,AA,Alameda County,California,CA,United States,us,0.1875,1,0.375,0.028846153846153848,,,
89,"*Chamber of Commerce Building* (Wells Fargo Building; American Trust 
Building)",#85,2140–2144 Shattuck Avenue at Center Street,"2140–2144 Shattuck Avenue at Center Street, Berkeley, CA, USA","Walter H. Ratcliff, Jr. (1925)",19 Nov 1984,17 Dec 1984,"#85001916, National Register of Historic Places (1985); Conservation 
easement held by CA Preservation Foundation",37.8708393,-122.272863,"Berkeley, CA, United States of America",,,,,,,Berkeley,,Alameda County,California,CA,United States,us,0.25,1,,,© OpenStreetMap contributors,Open Database License,https://www.openstreetmap.org/copyright
90,*Mason-McDuffie Building* (Mobilia Furniture),#86,2101 Shattuck Avenue at Addison Street,"2101 Shattuck Avenue at Addison Street, Berkeley, CA, USA","Walter H. Ratcliff, Jr. (1928)",19 Nov 1984,21 Jan 1985,CA State Historic Resources Inventory,37.8708393,-122.272863,"Berkeley, CA, United States of America",,,,,,,Berkeley,,Alameda County,California,CA,United States,us,0.25,1,,,© OpenStreetMap contributors,Open Database License,https://www.openstreetmap.org/copyright
91,*Veterans’ Memorial Building*,#89,1931 Center Street,"1931 Center Street, Berkeley, CA, USA",Henry H. Meyers (1928),18 Mar 1985,15 Apr 1985,"Civic Center Historic District; #98000963, National Register of Historic 
Places (1998)",37.8702374,-122.2717906,"1931 Center Street, Berkeley, CA 94704, United States of America",,1931,Center Street,94704,,Downtown Berkeley,Berkeley,,Alameda County,California,CA,United States,us,1,1,1,1,© OpenStreetMap contributors,Open Database License,https://www.openstreetmap.org/copyright
92,*Federal Land Bank* (Farm Credit Administration; Civic Center Building),#88,2180 Milvia Street,"2180 Milvia Street, Berkeley, CA, USA",James W. Plachek (1938),18 Mar 1985,15 Apr 1985,"Civic Center Historic District; #98000963, National Register of Historic 
Places (1998)",37.869447199999996,-122.2707951440787,"Martin Luther King Jr. Civic Center Building, 2180 Milvia Street, Berkeley, CA 94704, United States of America",Martin Luther King Jr. Civic Center Building,2180,Milvia Street,94704,,Downtown Berkeley,Berkeley,,Alameda County,California,CA,United States,us,1,1,1,1,© OpenStreetMap contributors,Open Database License,https://www.openstreetmap.org/copyright
93,*Samuel Hume House* (Hume Cloister; Hume Castle),#90,2900 Buena Vista Way,"2900 Buena Vista Way, Berkeley, CA, USA",John Hudson Thomas (1927),15 Apr 1985,17 Jun 1985,CA State Historic Resources Inventory,37.88298565,-122.25668967559477,"2900 Buena Vista Way, Berkeley, CA 94708, United States of America",,2900,Buena Vista Way,94708,,La Loma Park,Berkeley,,Alameda County,California,CA,United States,us,1,1,1,1,© OpenStreetMap contributors,Open Database License,https://www.openstreetmap.org/copyright
94,"*Captain Higgins’ Temperance Grocery Store* (Captain Bowen’s Inn; Heywood & 
Son)",#92,834 Delaware Street,"834 Delaware Street, Berkeley, CA, USA",(1874–75),28 May 1985,17 Jun 1985,CA State Historic Resources Inventory,37.870545449999995,-122.29785755,"834 Delaware Street, Berkeley, CA 94710, United States of America",,834,Delaware Street,94710,,West Berkeley,Berkeley,,Alameda County,California,CA,United States,us,1,1,1,1,© OpenStreetMap contributors,Open Database License,https://www.openstreetmap.org/copyright
95,*Berkeley Municipal Incinerator*,#93,1120 Second Street,"1120 Second Street, Berkeley, CA, USA",Griscom-Russell Co. (1913),28 May 1985,15 Jul 1985,,37.88066645000001,-122.30686439387591,"1120 Second Street, Berkeley, CA 94710, United States of America",,1120,Second Street,94710,,,Berkeley,,Alameda County,California,CA,United States,us,1,1,1,1,© OpenStreetMap contributors,Open Database License,https://www.openstreetmap.org/copyright
96,*Fullen Market Building* (Henry S. Patton Building),#96,1523–1531 San Pablo Avenue at Hopkins Street,"1523–1531 San Pablo Avenue at Hopkins Street, Berkeley, CA, USA",(1906–07),17 Jun 1985,15 Jul 1985,First assessed in 1907; built for realtor Henry S. Patton,37.8708393,-122.272863,"Berkeley, CA, United States of America",,,,,,,Berkeley,,Alameda County,California,CA,United States,us,0.25,1,,,© OpenStreetMap contributors,Open Database License,https://www.openstreetmap.org/copyright
97,*Weisbrod Building* (Guy’s Drugs),#94,2001 San Pablo Avenue at University Avenue,"2001 San Pablo Avenue at University Avenue, Berkeley, CA, USA",Spiveck & Spiveck (1930),17 Jun 1985,15 Jul 1985,Structure of Merit,37.8708393,-122.272863,"Berkeley, CA, United States of America",,,,,,,Berkeley,,Alameda County,California,CA,United States,us,0.25,1,,,© OpenStreetMap contributors,Open Database License,https://www.openstreetmap.org/copyright
98,*William E. Colby House* (Blossom House),#95,2901 Channing Way,"2901 Channing Way, Berkeley, CA, USA",Julia Morgan (1905),17 Jun 1985,15 Jul 1985,CA State Historic Resources Inventory,37.86812315,-122.25046469638818,"2901 Channing Way, Berkeley, CA 94720, United States of America",,2901,Channing Way,94720,,Panoramic Hill,Berkeley,,Alameda County,California,CA,United States,us,1,1,1,1,© OpenStreetMap contributors,Open Database License,https://www.openstreetmap.org/copyright
99,*Durkee Famous Foods Plant*,#97,2900 Fifth Street at Heinz Avenue,"2900 Fifth Street at Heinz Avenue, Berkeley, CA, USA",Paulson & Marini (1916); Trygve Ronneberg (1929),13 Jun 1985,6 Aug 1985,"CA State Historic Resources Inventory. The Copra Warehouse at 740 Heinz St. 
was sacrificed in 2013.",37.8708393,-122.272863,"Berkeley, CA, United States of America",,,,,,,Berkeley,,Alameda County,California,CA,United States,us,0.25,1,,,© OpenStreetMap contributors,Open Database License,https://www.openstreetmap.org/copyright
100,*Suendermann Plumbing Co.*,#98,921 University Avenue,"921 University Avenue, Berkeley, CA, USA",-1875,21 Oct 1985,18 Nov 1985,,37.868366979221946,-122.29519414488759,"921 University Avenue, Berkeley, CA 94710, United States of America",,921,University Avenue,94710,,West Berkeley,Berkeley,,Alameda County,California,CA,United States,us,1,1,1,1,© OpenStreetMap contributors,Open Database License,https://www.openstreetmap.org/copyright